{
    "note": "Hello! If you change this file manually, please be sure to restart your changedetection.io instance!",
    "watching": {
        "091c7b82-5a3e-4eef-88a7-42491e1cf168": {
            "body": "",
            "check_unique_lines": false,
            "check_count": 18,
            "consecutive_filter_failures": 0,
            "extract_text": [],
            "extract_title_as_title": false,
            "fetch_backend": "html_requests",
            "filter_failure_notification_send": true,
            "has_ldjson_price_data": null,
            "track_ldjson_price_data": null,
            "headers": {},
            "ignore_text": [],
            "include_filters": [],
            "last_checked": 1677758127,
            "last_error": false,
            "last_viewed": 1677749449,
            "method": "GET",
            "notification_body": "",
            "notification_format": "System default",
            "notification_muted": false,
            "notification_title": "",
            "notification_screenshot": false,
            "notification_urls": [],
            "paused": false,
            "previous_md5": "aa68529fa639c7ab379ce2321b6ff2f0",
            "previous_md5_before_filters": "6b014d7a9db755fb681a32286e8213bb",
            "proxy": null,
            "subtractive_selectors": [],
            "tag": "updates",
            "text_should_not_be_present": [],
            "time_between_check": {
                "weeks": null,
                "days": null,
                "hours": null,
                "minutes": null,
                "seconds": null
            },
            "title": "",
            "trigger_text": [],
            "url": "https://changedetection.io/CHANGELOG.txt",
            "uuid": "091c7b82-5a3e-4eef-88a7-42491e1cf168",
            "webdriver_delay": null,
            "webdriver_js_execute_code": "",
            "last_notification_error": false,
            "content_type": "text/plain",
            "last_check_status": 200,
            "fetch_time": 10.84,
            "ignore_status_codes": false,
            "save_button": true
        },
        "d1e86f80-ef0e-4898-89ce-eead782b779d": {
            "body": "",
            "check_unique_lines": false,
            "check_count": 7,
            "consecutive_filter_failures": 0,
            "extract_text": [],
            "extract_title_as_title": false,
            "fetch_backend": "html_requests",
            "filter_failure_notification_send": true,
            "has_ldjson_price_data": false,
            "track_ldjson_price_data": null,
            "headers": {},
            "ignore_text": [],
            "include_filters": [],
            "last_checked": 1677747233,
            "last_error": false,
            "last_viewed": 1677749449,
            "method": "GET",
            "notification_body": " ",
            "notification_format": "System default",
            "notification_muted": false,
            "notification_title": "microsoft edge",
            "notification_screenshot": false,
            "notification_urls": [],
            "paused": false,
            "previous_md5": "6216ae823ecd70d4d20dd6496d1a186f",
            "previous_md5_before_filters": "718c7ec782b485bb6f812375fb247715",
            "proxy": null,
            "subtractive_selectors": [],
            "tag": "updates",
            "text_should_not_be_present": [],
            "time_between_check": {
                "weeks": null,
                "days": null,
                "hours": 24,
                "minutes": null,
                "seconds": null
            },
            "title": "microsoft edge 109.0.1518.78",
            "trigger_text": [],
            "url": "https://www.microsoft.com/en-us/edge/download?form=MA13FW",
            "uuid": "d1e86f80-ef0e-4898-89ce-eead782b779d",
            "webdriver_delay": null,
            "webdriver_js_execute_code": "",
            "ignore_status_codes": false,
            "save_button": true,
            "last_notification_error": false,
            "content_type": "text/html; charset=utf-8",
            "last_check_status": 200,
            "fetch_time": 3.45
        },
        "077ba66e-a587-4c36-b896-660c11ad8859": {
            "body": "",
            "check_unique_lines": false,
            "check_count": 9,
            "consecutive_filter_failures": 0,
            "extract_text": [],
            "extract_title_as_title": false,
            "fetch_backend": "html_requests",
            "filter_failure_notification_send": true,
            "has_ldjson_price_data": false,
            "track_ldjson_price_data": null,
            "headers": {},
            "ignore_text": [],
            "include_filters": [],
            "last_checked": 1677749159,
            "last_error": false,
            "last_viewed": 1677749449,
            "method": "GET",
            "notification_body": "",
            "notification_format": "System default",
            "notification_muted": false,
            "notification_title": "",
            "notification_screenshot": false,
            "notification_urls": [],
            "paused": false,
            "previous_md5": "6a6f1fb0f0ddd24379dd341d0ca4ee72",
            "previous_md5_before_filters": "d6fec5b7401b94f0e9d12e91911aab99",
            "proxy": null,
            "subtractive_selectors": [],
            "tag": "updates",
            "text_should_not_be_present": [],
            "time_between_check": {
                "weeks": null,
                "days": null,
                "hours": 24,
                "minutes": null,
                "seconds": null
            },
            "title": "update",
            "trigger_text": [],
            "url": "https://github.com/danpla/dpscreenocr/releases",
            "uuid": "077ba66e-a587-4c36-b896-660c11ad8859",
            "webdriver_delay": null,
            "webdriver_js_execute_code": "",
            "ignore_status_codes": false,
            "save_button": true,
            "last_notification_error": false,
            "content_type": "text/html; charset=utf-8",
            "last_check_status": 200,
            "fetch_time": 1.428
        },
        "14c6d9ee-78fc-4696-84bf-a97c76fed472": {
            "body": null,
            "check_unique_lines": false,
            "check_count": 15,
            "consecutive_filter_failures": 0,
            "extract_text": [],
            "extract_title_as_title": false,
            "fetch_backend": "system",
            "filter_failure_notification_send": 1,
            "has_ldjson_price_data": false,
            "track_ldjson_price_data": null,
            "headers": {},
            "ignore_text": [],
            "include_filters": [],
            "last_checked": 1677758120,
            "last_error": false,
            "last_viewed": 1677749449,
            "method": "GET",
            "notification_body": null,
            "notification_format": "System default",
            "notification_muted": false,
            "notification_title": null,
            "notification_screenshot": false,
            "notification_urls": [],
            "paused": false,
            "previous_md5": "14b191565ee3068cb487f5ed7bac6d4d",
            "previous_md5_before_filters": "b6237a094e56f5304f7f105f10c8da0b",
            "proxy": null,
            "subtractive_selectors": [],
            "tag": "updates",
            "text_should_not_be_present": [],
            "time_between_check": {
                "weeks": null,
                "days": null,
                "hours": null,
                "minutes": null,
                "seconds": null
            },
            "title": null,
            "trigger_text": [],
            "url": "https://github.com/dgtlmoon/changedetection.io/releases",
            "uuid": "14c6d9ee-78fc-4696-84bf-a97c76fed472",
            "webdriver_delay": null,
            "webdriver_js_execute_code": null,
            "last_notification_error": false,
            "content_type": "text/html; charset=utf-8",
            "last_check_status": 200,
            "fetch_time": 3.918
        },
        "fd0b9b1c-e2bb-4e6b-8064-f4bf466c1c04": {
            "body": null,
            "check_unique_lines": false,
            "check_count": 16,
            "consecutive_filter_failures": 0,
            "extract_text": [],
            "extract_title_as_title": false,
            "fetch_backend": "system",
            "filter_failure_notification_send": 1,
            "has_ldjson_price_data": false,
            "track_ldjson_price_data": null,
            "headers": {},
            "ignore_text": [],
            "include_filters": [],
            "last_checked": 1677758118,
            "last_error": false,
            "last_viewed": 1677749449,
            "method": "GET",
            "notification_body": null,
            "notification_format": "System default",
            "notification_muted": false,
            "notification_title": null,
            "notification_screenshot": false,
            "notification_urls": [],
            "paused": false,
            "previous_md5": "38844a01dda40d479b758fbab9d10571",
            "previous_md5_before_filters": "6f637c44718cc54da2fdbd84c2320fe8",
            "proxy": null,
            "subtractive_selectors": [],
            "tag": "updates",
            "text_should_not_be_present": [],
            "time_between_check": {
                "weeks": null,
                "days": null,
                "hours": null,
                "minutes": null,
                "seconds": null
            },
            "title": null,
            "trigger_text": [],
            "url": "https://obsidian.md/download",
            "uuid": "fd0b9b1c-e2bb-4e6b-8064-f4bf466c1c04",
            "webdriver_delay": null,
            "webdriver_js_execute_code": null,
            "last_notification_error": false,
            "content_type": "text/html; charset=utf-8",
            "last_check_status": 200,
            "fetch_time": 1.655
        },
        "480d0e7f-17cf-4bb1-8467-00527f83e930": {
            "body": null,
            "check_unique_lines": false,
            "check_count": 13,
            "consecutive_filter_failures": 0,
            "extract_text": [],
            "extract_title_as_title": false,
            "fetch_backend": "system",
            "filter_failure_notification_send": 1,
            "has_ldjson_price_data": false,
            "track_ldjson_price_data": null,
            "headers": {},
            "ignore_text": [],
            "include_filters": [],
            "last_checked": 1677758122,
            "last_error": false,
            "last_viewed": 1677749449,
            "method": "GET",
            "notification_body": null,
            "notification_format": "System default",
            "notification_muted": false,
            "notification_title": null,
            "notification_screenshot": false,
            "notification_urls": [],
            "paused": false,
            "previous_md5": "957b8c09951f78cbfd256ff39b782cbe",
            "previous_md5_before_filters": "142164660d929586378ce5173d1e7a82",
            "proxy": null,
            "subtractive_selectors": [],
            "tag": "updates",
            "text_should_not_be_present": [],
            "time_between_check": {
                "weeks": null,
                "days": null,
                "hours": null,
                "minutes": null,
                "seconds": null
            },
            "title": null,
            "trigger_text": [],
            "url": "https://github.com/ventoy/Ventoy/releases",
            "uuid": "480d0e7f-17cf-4bb1-8467-00527f83e930",
            "webdriver_delay": null,
            "webdriver_js_execute_code": null,
            "last_notification_error": false,
            "content_type": "text/html; charset=utf-8",
            "last_check_status": 200,
            "fetch_time": 5.348
        },
        "619e4c37-217c-4056-a816-892d52378a0f": {
            "body": null,
            "check_unique_lines": false,
            "check_count": 13,
            "consecutive_filter_failures": 0,
            "extract_text": [],
            "extract_title_as_title": false,
            "fetch_backend": "system",
            "filter_failure_notification_send": 1,
            "has_ldjson_price_data": false,
            "track_ldjson_price_data": null,
            "headers": {},
            "ignore_text": [],
            "include_filters": [],
            "last_checked": 1677758118,
            "last_error": false,
            "last_viewed": 1677749449,
            "method": "GET",
            "notification_body": null,
            "notification_format": "System default",
            "notification_muted": false,
            "notification_title": null,
            "notification_screenshot": false,
            "notification_urls": [],
            "paused": false,
            "previous_md5": "44a8268865a25e24125b002e39b77abe",
            "previous_md5_before_filters": "912ac7bffd5560b616bfd8d4906a8e4f",
            "proxy": null,
            "subtractive_selectors": [],
            "tag": "updates",
            "text_should_not_be_present": [],
            "time_between_check": {
                "weeks": null,
                "days": null,
                "hours": null,
                "minutes": null,
                "seconds": null
            },
            "title": null,
            "trigger_text": [],
            "url": "https://jdownloader.org/jdownloader2",
            "uuid": "619e4c37-217c-4056-a816-892d52378a0f",
            "webdriver_delay": null,
            "webdriver_js_execute_code": null,
            "last_notification_error": false,
            "content_type": "text/html; charset=utf-8",
            "last_check_status": 200,
            "fetch_time": 1.749
        },
        "ed7368eb-e528-4cdb-9138-3f86bc91fcf8": {
            "body": null,
            "check_unique_lines": false,
            "check_count": 13,
            "consecutive_filter_failures": 0,
            "extract_text": [],
            "extract_title_as_title": false,
            "fetch_backend": "system",
            "filter_failure_notification_send": 1,
            "has_ldjson_price_data": false,
            "track_ldjson_price_data": null,
            "headers": {},
            "ignore_text": [],
            "include_filters": [],
            "last_checked": 1677758120,
            "last_error": false,
            "last_viewed": 1677749449,
            "method": "GET",
            "notification_body": null,
            "notification_format": "System default",
            "notification_muted": false,
            "notification_title": null,
            "notification_screenshot": false,
            "notification_urls": [],
            "paused": false,
            "previous_md5": "1b0b6d9f5359eae7ee2c33e2e1b54e1a",
            "previous_md5_before_filters": "ec4a3fbfc355daaaad05121ef98a257f",
            "proxy": null,
            "subtractive_selectors": [],
            "tag": "bios",
            "text_should_not_be_present": [],
            "time_between_check": {
                "weeks": null,
                "days": null,
                "hours": null,
                "minutes": null,
                "seconds": null
            },
            "title": null,
            "trigger_text": [],
            "url": "https://support.hp.com/us-en/drivers/selfservice/hp-zbook-studio-x360-g5-convertible-workstation/20075826/model/20075827?sku=5EL48UP",
            "uuid": "ed7368eb-e528-4cdb-9138-3f86bc91fcf8",
            "webdriver_delay": null,
            "webdriver_js_execute_code": null,
            "last_notification_error": false,
            "content_type": "text/html; charset=UTF-8",
            "last_check_status": 200,
            "fetch_time": 4.04
        },
        "e7e552e9-77ea-4d27-a325-2af1a7c80e37": {
            "body": null,
            "check_unique_lines": false,
            "check_count": 10,
            "consecutive_filter_failures": 0,
            "extract_text": [],
            "extract_title_as_title": false,
            "fetch_backend": "system",
            "filter_failure_notification_send": 1,
            "has_ldjson_price_data": false,
            "track_ldjson_price_data": null,
            "headers": {},
            "ignore_text": [],
            "include_filters": [],
            "last_checked": 1677758120,
            "last_error": false,
            "last_viewed": 1677749449,
            "method": "GET",
            "notification_body": null,
            "notification_format": "System default",
            "notification_muted": false,
            "notification_title": null,
            "notification_screenshot": false,
            "notification_urls": [],
            "paused": false,
            "previous_md5": "1bf5862e793f5aca3e7e75dfad8f02d7",
            "previous_md5_before_filters": "48696658139ed5a8415e50080139f7bb",
            "proxy": null,
            "subtractive_selectors": [],
            "tag": "updates",
            "text_should_not_be_present": [],
            "time_between_check": {
                "weeks": null,
                "days": null,
                "hours": null,
                "minutes": null,
                "seconds": null
            },
            "title": null,
            "trigger_text": [],
            "url": "https://github.com/ferdium/ferdium-app/releases/",
            "uuid": "e7e552e9-77ea-4d27-a325-2af1a7c80e37",
            "webdriver_delay": null,
            "webdriver_js_execute_code": null,
            "last_notification_error": false,
            "content_type": "text/html; charset=utf-8",
            "last_check_status": 200,
            "fetch_time": 3.759
        },
        "3e510223-0936-4c08-8828-9315e11bd9d6": {
            "body": null,
            "check_unique_lines": false,
            "check_count": 7,
            "consecutive_filter_failures": 0,
            "extract_text": [],
            "extract_title_as_title": false,
            "fetch_backend": "system",
            "filter_failure_notification_send": 1,
            "has_ldjson_price_data": null,
            "track_ldjson_price_data": null,
            "headers": {},
            "ignore_text": [],
            "include_filters": [],
            "last_checked": 1677758118,
            "last_error": "Got HTML content but no text found (With 200 reply code).",
            "last_viewed": 1677749449,
            "method": "GET",
            "notification_body": null,
            "notification_format": "System default",
            "notification_muted": false,
            "notification_title": null,
            "notification_screenshot": false,
            "notification_urls": [],
            "paused": false,
            "previous_md5": false,
            "previous_md5_before_filters": false,
            "proxy": null,
            "subtractive_selectors": [],
            "tag": "english",
            "text_should_not_be_present": [],
            "time_between_check": {
                "weeks": null,
                "days": null,
                "hours": null,
                "minutes": null,
                "seconds": null
            },
            "title": null,
            "trigger_text": [],
            "url": "https://mega.nz/folder/D8FhwaZB#aP92D7n-Ak0e4ldlfXojlw/folder/2ldxjISK",
            "uuid": "3e510223-0936-4c08-8828-9315e11bd9d6",
            "webdriver_delay": null,
            "webdriver_js_execute_code": null,
            "fetch_time": 1.647
        },
        "6729587d-1f1b-4d0b-9ca5-7c71332c6f7e": {
            "body": null,
            "check_unique_lines": false,
            "check_count": 5,
            "consecutive_filter_failures": 0,
            "extract_text": [],
            "extract_title_as_title": false,
            "fetch_backend": "system",
            "filter_failure_notification_send": 1,
            "has_ldjson_price_data": false,
            "track_ldjson_price_data": null,
            "headers": {},
            "ignore_text": [],
            "include_filters": [],
            "last_checked": 1677758118,
            "last_error": false,
            "last_viewed": 1677749449,
            "method": "GET",
            "notification_body": null,
            "notification_format": "System default",
            "notification_muted": false,
            "notification_title": null,
            "notification_screenshot": false,
            "notification_urls": [],
            "paused": false,
            "previous_md5": "c5e2deed4cc740f6bd950f9631d008dd",
            "previous_md5_before_filters": "e8b0105f0125cc5a94bc10a4cf6ea694",
            "proxy": null,
            "subtractive_selectors": [],
            "tag": "updates",
            "text_should_not_be_present": [],
            "time_between_check": {
                "weeks": null,
                "days": null,
                "hours": null,
                "minutes": null,
                "seconds": null
            },
            "title": null,
            "trigger_text": [],
            "url": "https://github.com/Abs62/goldendict/releases/tag/continuous",
            "uuid": "6729587d-1f1b-4d0b-9ca5-7c71332c6f7e",
            "webdriver_delay": null,
            "webdriver_js_execute_code": null,
            "last_notification_error": false,
            "content_type": "text/html; charset=utf-8",
            "last_check_status": 200,
            "fetch_time": 2.204
        },
        "4f6452ae-5903-4359-b715-3e28d12baeb8": {
            "body": null,
            "check_unique_lines": false,
            "check_count": 3,
            "consecutive_filter_failures": 0,
            "extract_text": [],
            "extract_title_as_title": false,
            "fetch_backend": "system",
            "filter_failure_notification_send": 1,
            "has_ldjson_price_data": false,
            "track_ldjson_price_data": null,
            "headers": {},
            "ignore_text": [],
            "include_filters": [],
            "last_checked": 1677749255,
            "last_error": false,
            "last_viewed": 1677749468,
            "method": "GET",
            "notification_body": null,
            "notification_format": "System default",
            "notification_muted": false,
            "notification_title": null,
            "notification_screenshot": false,
            "notification_urls": [],
            "paused": false,
            "previous_md5": "0f706e53c752e87b2ac614f046bb7f7f",
            "previous_md5_before_filters": "54fcae142274a3bb596c9b55a74ac08f",
            "proxy": null,
            "subtractive_selectors": [],
            "tag": "podcast",
            "text_should_not_be_present": [],
            "time_between_check": {
                "weeks": null,
                "days": null,
                "hours": null,
                "minutes": null,
                "seconds": null
            },
            "title": null,
            "trigger_text": [],
            "url": "https://ar.islamway.net/collection/6281/%D8%A7%D9%84%D8%B4%D9%85%D8%A7%D8%A6%D9%84-%D8%A7%D9%84%D9%85%D8%AD%D9%85%D8%AF%D9%8A%D8%A9",
            "uuid": "4f6452ae-5903-4359-b715-3e28d12baeb8",
            "webdriver_delay": null,
            "webdriver_js_execute_code": null,
            "last_notification_error": false,
            "content_type": "text/html; charset=UTF-8",
            "last_check_status": 200,
            "fetch_time": 1.725
        }
    },
    "settings": {
        "headers": {},
        "requests": {
            "extra_proxies": [
                {
                    "proxy_name": "",
                    "proxy_url": ""
                },
                {
                    "proxy_name": "",
                    "proxy_url": ""
                },
                {
                    "proxy_name": "",
                    "proxy_url": ""
                },
                {
                    "proxy_name": "",
                    "proxy_url": ""
                },
                {
                    "proxy_name": "",
                    "proxy_url": ""
                }
            ],
            "jitter_seconds": 0,
            "proxy": null,
            "time_between_check": {
                "weeks": null,
                "days": null,
                "hours": 3,
                "minutes": null,
                "seconds": null
            },
            "timeout": 45,
            "workers": 10
        },
        "application": {
            "api_access_token_enabled": true,
            "password": false,
            "base_url": "",
            "extract_title_as_title": false,
            "empty_pages_are_a_change": false,
            "fetch_backend": "html_requests",
            "filter_failure_notification_threshold_attempts": 6,
            "global_ignore_text": [],
            "global_subtractive_selectors": [],
            "ignore_whitespace": true,
            "render_anchor_tag_content": false,
            "notification_urls": [],
            "notification_title": "ChangeDetection.io Notification - {{watch_url}}",
            "notification_body": "{{watch_url}} had a change.\r\n---\r\n{{diff}}\r\n---\r\n",
            "notification_format": "Text",
            "schema_version": 10,
            "shared_diff_access": false,
            "webdriver_delay": null,
            "rss_access_token": "caed52df6cb8ade3af42993469388566",
            "api_access_token": "3418a1dfc8c2f314222a63ba45a9f99c",
            "removepassword_button": false
        }
    },
    "app_guid": "05469b46-05da-4ec5-8260-2bc513f9fa2e",
    "version_tag": "0.40.3"
}